No.,ID,TIMESTAMP
1,10309,1777559569
2,14717,1777559570
3,15706,1777559571
4,20322,1777559572
5,19554,1777559573
6,12608,1777559574
7,4503,1777559575
8,25150,1777559576
9,8823,1777559577
10,16619,1777559578
11,10845,1777559579
12,21933,1777559580
13,9902,1777559581
14,9216,1777559582
15,28389,1777559583
16,15486,1777559584
17,12366,1777559585
18,13311,1777559586
19,5393,1777559587
20,19608,1777559588
21,21397,1777559589
22,717,1777559590
23,2033,1777559591
24,15064,1777559592
25,21559,1777559593
26,18298,1777559594
27,1785,1777559595
28,23917,1777559596
29,21404,1777559597
30,7455,1777559598
31,10527,1777559599
32,1822,1777559600
33,13331,1777559601
34,25588,1777559602
35,6890,1777559603
36,17252,1777559604
37,17137,1777559605
38,13257,1777559606
39,23305,1777559607
40,1465,1777559608
41,6134,1777559609
42,13748,1777559610
43,398,1777559611
44,11439,1777559612
45,5000,1777559613
46,12052,1777559614
47,25446,1777559615
48,23771,1777559616
49,15576,1777559617
50,5803,1777559618
51,21906,1777559619
52,7701,1777559620
53,6510,1777559621
54,767,1777559622
55,7977,1777559623
56,21279,1777559624
57,27562,1777559625
58,3460,1777559626
59,25478,1777559627
60,6815,1777559628
61,2424,1777559629
62,27242,1777559630
63,23336,1777559631
64,4705,1777559632
65,27879,1777559633
66,1066,1777559634
67,6975,1777559635
68,24666,1777559636
69,2951,1777559637
70,10209,1777559638
71,29242,1777559639
72,19123,1777559640
73,22918,1777559641
74,20797,1777559642
75,22979,1777559643
76,28824,1777559644
77,7886,1777559645
78,13068,1777559646
79,6311,1777559647
80,15469,1777559648
81,7089,1777559649
82,11673,1777559650
83,10534,1777559651
84,12622,1777559652
85,25434,1777559653
86,198,1777559654
87,19987,1777559655
88,28828,1777559656
89,7365,1777559657
90,4974,1777559658
91,20421,1777559659
92,10880,1777559660
93,14217,1777559661
94,29813,1777559662
95,6349,1777559663
96,1429,1777559664
97,2210,1777559665
98,20560,1777559666
99,29972,1777559667
100,21454,1777559668
101,15862,1777559669
102,13700,1777559670
103,21004,1777559671
104,10322,1777559672
105,23500,1777559673
106,17562,1777559674
107,21976,1777559675
108,28113,1777559676
109,8567,1777559677
110,15178,1777559678
111,4052,1777559679
112,22185,1777559680
113,16562,1777559681
114,7100,1777559682
115,25371,1777559683
116,20396,1777559684
117,18075,1777559685
118,13181,1777559686
119,14271,1777559687
120,5222,1777559688
121,22742,1777559689
122,28403,1777559690
123,14127,1777559691
124,28623,1777559692
125,23376,1777559693
126,25758,1777559694
127,25850,1777559695
128,23261,1777559696
129,26940,1777559697
130,8424,1777559698
131,7944,1777559699
132,18,1777559700
133,5912,1777559701
134,25299,1777559702
135,8050,1777559703
136,9400,1777559704
137,15468,1777559705
138,17861,1777559706
139,26316,1777559707
140,6539,1777559708
141,4517,1777559709
142,13627,1777559710
143,29969,1777559711
144,29988,1777559712
145,12421,1777559713
146,10435,1777559714
147,3982,1777559715
148,29365,1777559716
149,3023,1777559717
150,12504,1777559718
151,12395,1777559719
152,1394,1777559720
153,7086,1777559721
154,29461,1777559722
155,13235,1777559723
156,17504,1777559724
157,1914,1777559725
158,10598,1777559726
159,16840,1777559727
160,21331,1777559728
161,8786,1777559729
162,21807,1777559730
163,14898,1777559731
164,25821,1777559732
165,12716,1777559733
166,9710,1777559734
167,26775,1777559735
168,25823,1777559736
169,3085,1777559737
170,4872,1777559738
171,21600,1777559739
172,16511,1777559740
173,27383,1777559741
174,29507,1777559742
175,7830,1777559743
176,3580,1777559744
177,24034,1777559745
178,14879,1777559746
179,7462,1777559747
180,22816,1777559748
181,11653,1777559749
182,17167,1777559750
183,18116,1777559751
184,20907,1777559752
185,25345,1777559753
186,29480,1777559754
187,26281,1777559755
188,6278,1777559756
189,25907,1777559757
190,9317,1777559758
191,8187,1777559759
192,13899,1777559760
193,29448,1777559761
194,8685,1777559762
195,27925,1777559763
196,15857,1777559764
197,13309,1777559765
198,24907,1777559766
199,13456,1777559767
200,14443,1777559768
